425.0,COAL_1,1
161.6,COAL_2,1
90.0,DIESEL_1,1
87.0,DIESEL_2,1
0.0,DIESEL_3,1
0.0,DIESEL_4,1
109.4,GAS_1,1
0.0,GAS_2,1
165.0,GAS_3,1
158.0,GAS_4,1
425.0,COAL_1,2
190.0,COAL_2,2
90.0,DIESEL_1,2
87.0,DIESEL_2,2
0.0,DIESEL_3,2
0.0,DIESEL_4,2
78.0,GAS_1,2
0.0,GAS_2,2
165.0,GAS_3,2
158.0,GAS_4,2
425.0,COAL_1,3
266.0,COAL_2,3
90.0,DIESEL_1,3
87.0,DIESEL_2,3
0.0,DIESEL_3,3
0.0,DIESEL_4,3
0.0,GAS_1,3
0.0,GAS_2,3
165.0,GAS_3,3
158.0,GAS_4,3
425.0,COAL_1,4
268.0,COAL_2,4
90.0,DIESEL_1,4
87.0,DIESEL_2,4
0.0,DIESEL_3,4
0.0,DIESEL_4,4
0.0,GAS_1,4
0.0,GAS_2,4
165.0,GAS_3,4
158.0,GAS_4,4
425.0,COAL_1,5
282.0,COAL_2,5
90.0,DIESEL_1,5
87.0,DIESEL_2,5
0.0,DIESEL_3,5
0.0,DIESEL_4,5
0.0,GAS_1,5
0.0,GAS_2,5
165.0,GAS_3,5
158.0,GAS_4,5
425.0,COAL_1,6
318.0,COAL_2,6
90.0,DIESEL_1,6
87.0,DIESEL_2,6
0.0,DIESEL_3,6
0.0,DIESEL_4,6
0.0,GAS_1,6
0.0,GAS_2,6
165.0,GAS_3,6
158.0,GAS_4,6
425.0,COAL_1,7
365.0,COAL_2,7
90.0,DIESEL_1,7
87.0,DIESEL_2,7
0.0,DIESEL_3,7
3.0,DIESEL_4,7
0.0,GAS_1,7
0.0,GAS_2,7
165.0,GAS_3,7
158.0,GAS_4,7
425.0,COAL_1,8
360.0,COAL_2,8
90.0,DIESEL_1,8
87.0,DIESEL_2,8
0.0,DIESEL_3,8
0.0,DIESEL_4,8
0.0,GAS_1,8
52.0,GAS_2,8
165.0,GAS_3,8
158.0,GAS_4,8
425.0,COAL_1,9
365.0,COAL_2,9
90.0,DIESEL_1,9
87.0,DIESEL_2,9
0.0,DIESEL_3,9
0.0,DIESEL_4,9
0.0,GAS_1,9
93.0,GAS_2,9
165.0,GAS_3,9
158.0,GAS_4,9
425.0,COAL_1,10
365.0,COAL_2,10
90.0,DIESEL_1,10
87.0,DIESEL_2,10
0.0,DIESEL_3,10
0.0,DIESEL_4,10
0.0,GAS_1,10
121.0,GAS_2,10
165.0,GAS_3,10
158.0,GAS_4,10
425.0,COAL_1,11
365.0,COAL_2,11
90.0,DIESEL_1,11
87.0,DIESEL_2,11
0.0,DIESEL_3,11
0.0,DIESEL_4,11
0.0,GAS_1,11
140.0,GAS_2,11
165.0,GAS_3,11
158.0,GAS_4,11
425.0,COAL_1,12
365.0,COAL_2,12
90.0,DIESEL_1,12
87.0,DIESEL_2,12
0.0,DIESEL_3,12
0.0,DIESEL_4,12
0.0,GAS_1,12
150.0,GAS_2,12
165.0,GAS_3,12
158.0,GAS_4,12
425.0,COAL_1,13
365.0,COAL_2,13
90.0,DIESEL_1,13
87.0,DIESEL_2,13
0.0,DIESEL_3,13
0.0,DIESEL_4,13
0.0,GAS_1,13
143.0,GAS_2,13
165.0,GAS_3,13
158.0,GAS_4,13
425.0,COAL_1,14
365.0,COAL_2,14
90.0,DIESEL_1,14
87.0,DIESEL_2,14
0.0,DIESEL_3,14
0.0,DIESEL_4,14
0.0,GAS_1,14
147.0,GAS_2,14
165.0,GAS_3,14
158.0,GAS_4,14
425.0,COAL_1,15
365.0,COAL_2,15
90.0,DIESEL_1,15
87.0,DIESEL_2,15
0.0,DIESEL_3,15
0.0,DIESEL_4,15
0.0,GAS_1,15
147.0,GAS_2,15
165.0,GAS_3,15
158.0,GAS_4,15
425.0,COAL_1,16
365.0,COAL_2,16
90.0,DIESEL_1,16
87.0,DIESEL_2,16
0.0,DIESEL_3,16
0.0,DIESEL_4,16
0.0,GAS_1,16
141.0,GAS_2,16
165.0,GAS_3,16
158.0,GAS_4,16
425.0,COAL_1,17
365.0,COAL_2,17
90.0,DIESEL_1,17
87.0,DIESEL_2,17
0.0,DIESEL_3,17
0.0,DIESEL_4,17
0.0,GAS_1,17
124.0,GAS_2,17
165.0,GAS_3,17
158.0,GAS_4,17
425.0,COAL_1,18
365.0,COAL_2,18
90.0,DIESEL_1,18
87.0,DIESEL_2,18
0.0,DIESEL_3,18
0.0,DIESEL_4,18
0.0,GAS_1,18
99.0,GAS_2,18
165.0,GAS_3,18
158.0,GAS_4,18
425.0,COAL_1,19
365.0,COAL_2,19
90.0,DIESEL_1,19
87.0,DIESEL_2,19
0.0,DIESEL_3,19
0.0,DIESEL_4,19
0.0,GAS_1,19
73.0,GAS_2,19
165.0,GAS_3,19
158.0,GAS_4,19
425.0,COAL_1,20
365.0,COAL_2,20
90.0,DIESEL_1,20
87.0,DIESEL_2,20
0.0,DIESEL_3,20
0.0,DIESEL_4,20
0.0,GAS_1,20
60.0,GAS_2,20
165.0,GAS_3,20
158.0,GAS_4,20
425.0,COAL_1,21
365.0,COAL_2,21
90.0,DIESEL_1,21
87.0,DIESEL_2,21
0.0,DIESEL_3,21
0.0,DIESEL_4,21
0.0,GAS_1,21
67.0,GAS_2,21
165.0,GAS_3,21
158.0,GAS_4,21
425.0,COAL_1,22
365.0,COAL_2,22
90.0,DIESEL_1,22
87.0,DIESEL_2,22
0.0,DIESEL_3,22
0.0,DIESEL_4,22
0.0,GAS_1,22
61.0,GAS_2,22
165.0,GAS_3,22
158.0,GAS_4,22
425.0,COAL_1,23
352.0,COAL_2,23
90.0,DIESEL_1,23
87.0,DIESEL_2,23
0.0,DIESEL_3,23
0.0,DIESEL_4,23
0.0,GAS_1,23
52.0,GAS_2,23
165.0,GAS_3,23
158.0,GAS_4,23
425.0,COAL_1,24
329.0,COAL_2,24
90.0,DIESEL_1,24
87.0,DIESEL_2,24
0.0,DIESEL_3,24
0.0,DIESEL_4,24
0.0,GAS_1,24
52.0,GAS_2,24
165.0,GAS_3,24
158.0,GAS_4,24
425.0,COAL_1,25
364.0,COAL_2,25
90.0,DIESEL_1,25
87.0,DIESEL_2,25
0.0,DIESEL_3,25
0.0,DIESEL_4,25
0.0,GAS_1,25
0.0,GAS_2,25
165.0,GAS_3,25
158.0,GAS_4,25
425.0,COAL_1,26
352.0,COAL_2,26
90.0,DIESEL_1,26
87.0,DIESEL_2,26
0.0,DIESEL_3,26
0.0,DIESEL_4,26
0.0,GAS_1,26
0.0,GAS_2,26
165.0,GAS_3,26
158.0,GAS_4,26
425.0,COAL_1,27
339.0,COAL_2,27
90.0,DIESEL_1,27
87.0,DIESEL_2,27
0.0,DIESEL_3,27
0.0,DIESEL_4,27
0.0,GAS_1,27
0.0,GAS_2,27
165.0,GAS_3,27
158.0,GAS_4,27
425.0,COAL_1,28
330.0,COAL_2,28
90.0,DIESEL_1,28
87.0,DIESEL_2,28
0.0,DIESEL_3,28
0.0,DIESEL_4,28
0.0,GAS_1,28
0.0,GAS_2,28
165.0,GAS_3,28
158.0,GAS_4,28
425.0,COAL_1,29
332.0,COAL_2,29
90.0,DIESEL_1,29
87.0,DIESEL_2,29
0.0,DIESEL_3,29
0.0,DIESEL_4,29
0.0,GAS_1,29
0.0,GAS_2,29
165.0,GAS_3,29
158.0,GAS_4,29
425.0,COAL_1,30
360.0,COAL_2,30
90.0,DIESEL_1,30
87.0,DIESEL_2,30
0.0,DIESEL_3,30
0.0,DIESEL_4,30
0.0,GAS_1,30
0.0,GAS_2,30
165.0,GAS_3,30
158.0,GAS_4,30
425.0,COAL_1,31
351.0,COAL_2,31
90.0,DIESEL_1,31
87.0,DIESEL_2,31
0.0,DIESEL_3,31
0.0,DIESEL_4,31
0.0,GAS_1,31
52.0,GAS_2,31
165.0,GAS_3,31
158.0,GAS_4,31
425.0,COAL_1,32
365.0,COAL_2,32
90.0,DIESEL_1,32
87.0,DIESEL_2,32
0.0,DIESEL_3,32
0.0,DIESEL_4,32
0.0,GAS_1,32
71.0,GAS_2,32
165.0,GAS_3,32
158.0,GAS_4,32
425.0,COAL_1,33
365.0,COAL_2,33
90.0,DIESEL_1,33
87.0,DIESEL_2,33
0.0,DIESEL_3,33
0.0,DIESEL_4,33
0.0,GAS_1,33
104.0,GAS_2,33
165.0,GAS_3,33
158.0,GAS_4,33
425.0,COAL_1,34
365.0,COAL_2,34
90.0,DIESEL_1,34
87.0,DIESEL_2,34
0.0,DIESEL_3,34
0.0,DIESEL_4,34
0.0,GAS_1,34
127.0,GAS_2,34
165.0,GAS_3,34
158.0,GAS_4,34
425.0,COAL_1,35
365.0,COAL_2,35
90.0,DIESEL_1,35
87.0,DIESEL_2,35
0.0,DIESEL_3,35
0.0,DIESEL_4,35
0.0,GAS_1,35
146.0,GAS_2,35
165.0,GAS_3,35
158.0,GAS_4,35
425.0,COAL_1,36
365.0,COAL_2,36
90.0,DIESEL_1,36
87.0,DIESEL_2,36
0.0,DIESEL_3,36
0.0,DIESEL_4,36
0.0,GAS_1,36
150.0,GAS_2,36
165.0,GAS_3,36
158.0,GAS_4,36
425.0,COAL_1,37
365.0,COAL_2,37
90.0,DIESEL_1,37
87.0,DIESEL_2,37
0.0,DIESEL_3,37
0.0,DIESEL_4,37
0.0,GAS_1,37
142.0,GAS_2,37
165.0,GAS_3,37
158.0,GAS_4,37
425.0,COAL_1,38
365.0,COAL_2,38
90.0,DIESEL_1,38
87.0,DIESEL_2,38
0.0,DIESEL_3,38
0.0,DIESEL_4,38
0.0,GAS_1,38
144.0,GAS_2,38
165.0,GAS_3,38
158.0,GAS_4,38
425.0,COAL_1,39
365.0,COAL_2,39
90.0,DIESEL_1,39
87.0,DIESEL_2,39
0.0,DIESEL_3,39
0.0,DIESEL_4,39
0.0,GAS_1,39
142.0,GAS_2,39
165.0,GAS_3,39
158.0,GAS_4,39
425.0,COAL_1,40
365.0,COAL_2,40
90.0,DIESEL_1,40
87.0,DIESEL_2,40
0.0,DIESEL_3,40
0.0,DIESEL_4,40
0.0,GAS_1,40
132.0,GAS_2,40
165.0,GAS_3,40
158.0,GAS_4,40
425.0,COAL_1,41
365.0,COAL_2,41
90.0,DIESEL_1,41
87.0,DIESEL_2,41
0.0,DIESEL_3,41
0.0,DIESEL_4,41
0.0,GAS_1,41
117.0,GAS_2,41
165.0,GAS_3,41
158.0,GAS_4,41
425.0,COAL_1,42
365.0,COAL_2,42
90.0,DIESEL_1,42
87.0,DIESEL_2,42
0.0,DIESEL_3,42
0.0,DIESEL_4,42
0.0,GAS_1,42
96.0,GAS_2,42
165.0,GAS_3,42
158.0,GAS_4,42
425.0,COAL_1,43
365.0,COAL_2,43
90.0,DIESEL_1,43
87.0,DIESEL_2,43
0.0,DIESEL_3,43
0.0,DIESEL_4,43
0.0,GAS_1,43
74.0,GAS_2,43
165.0,GAS_3,43
158.0,GAS_4,43
425.0,COAL_1,44
365.0,COAL_2,44
90.0,DIESEL_1,44
87.0,DIESEL_2,44
0.0,DIESEL_3,44
0.0,DIESEL_4,44
0.0,GAS_1,44
64.0,GAS_2,44
165.0,GAS_3,44
158.0,GAS_4,44
425.0,COAL_1,45
365.0,COAL_2,45
90.0,DIESEL_1,45
87.0,DIESEL_2,45
0.0,DIESEL_3,45
0.0,DIESEL_4,45
0.0,GAS_1,45
72.0,GAS_2,45
165.0,GAS_3,45
158.0,GAS_4,45
425.0,COAL_1,46
365.0,COAL_2,46
90.0,DIESEL_1,46
87.0,DIESEL_2,46
0.0,DIESEL_3,46
0.0,DIESEL_4,46
0.0,GAS_1,46
66.0,GAS_2,46
165.0,GAS_3,46
158.0,GAS_4,46
425.0,COAL_1,47
357.0,COAL_2,47
90.0,DIESEL_1,47
87.0,DIESEL_2,47
0.0,DIESEL_3,47
0.0,DIESEL_4,47
0.0,GAS_1,47
52.0,GAS_2,47
165.0,GAS_3,47
158.0,GAS_4,47
425.0,COAL_1,48
333.0,COAL_2,48
90.0,DIESEL_1,48
87.0,DIESEL_2,48
0.0,DIESEL_3,48
0.0,DIESEL_4,48
0.0,GAS_1,48
52.0,GAS_2,48
165.0,GAS_3,48
158.0,GAS_4,48
425.0,COAL_1,49
364.0,COAL_2,49
90.0,DIESEL_1,49
87.0,DIESEL_2,49
0.0,DIESEL_3,49
0.0,DIESEL_4,49
0.0,GAS_1,49
0.0,GAS_2,49
165.0,GAS_3,49
158.0,GAS_4,49
425.0,COAL_1,50
351.0,COAL_2,50
90.0,DIESEL_1,50
87.0,DIESEL_2,50
0.0,DIESEL_3,50
0.0,DIESEL_4,50
0.0,GAS_1,50
0.0,GAS_2,50
165.0,GAS_3,50
158.0,GAS_4,50
425.0,COAL_1,51
339.0,COAL_2,51
90.0,DIESEL_1,51
87.0,DIESEL_2,51
0.0,DIESEL_3,51
0.0,DIESEL_4,51
0.0,GAS_1,51
0.0,GAS_2,51
165.0,GAS_3,51
158.0,GAS_4,51
425.0,COAL_1,52
329.0,COAL_2,52
90.0,DIESEL_1,52
87.0,DIESEL_2,52
0.0,DIESEL_3,52
0.0,DIESEL_4,52
0.0,GAS_1,52
0.0,GAS_2,52
165.0,GAS_3,52
158.0,GAS_4,52
425.0,COAL_1,53
331.0,COAL_2,53
90.0,DIESEL_1,53
87.0,DIESEL_2,53
0.0,DIESEL_3,53
0.0,DIESEL_4,53
0.0,GAS_1,53
0.0,GAS_2,53
165.0,GAS_3,53
158.0,GAS_4,53
425.0,COAL_1,54
360.0,COAL_2,54
90.0,DIESEL_1,54
87.0,DIESEL_2,54
0.0,DIESEL_3,54
0.0,DIESEL_4,54
0.0,GAS_1,54
0.0,GAS_2,54
165.0,GAS_3,54
158.0,GAS_4,54
425.0,COAL_1,55
350.0,COAL_2,55
90.0,DIESEL_1,55
87.0,DIESEL_2,55
0.0,DIESEL_3,55
0.0,DIESEL_4,55
0.0,GAS_1,55
52.0,GAS_2,55
165.0,GAS_3,55
158.0,GAS_4,55
425.0,COAL_1,56
365.0,COAL_2,56
90.0,DIESEL_1,56
87.0,DIESEL_2,56
0.0,DIESEL_3,56
0.0,DIESEL_4,56
0.0,GAS_1,56
70.0,GAS_2,56
165.0,GAS_3,56
158.0,GAS_4,56
425.0,COAL_1,57
365.0,COAL_2,57
90.0,DIESEL_1,57
87.0,DIESEL_2,57
0.0,DIESEL_3,57
0.0,DIESEL_4,57
0.0,GAS_1,57
104.0,GAS_2,57
165.0,GAS_3,57
158.0,GAS_4,57
425.0,COAL_1,58
365.0,COAL_2,58
90.0,DIESEL_1,58
87.0,DIESEL_2,58
0.0,DIESEL_3,58
0.0,DIESEL_4,58
0.0,GAS_1,58
127.0,GAS_2,58
165.0,GAS_3,58
158.0,GAS_4,58
425.0,COAL_1,59
365.0,COAL_2,59
90.0,DIESEL_1,59
87.0,DIESEL_2,59
0.0,DIESEL_3,59
0.0,DIESEL_4,59
0.0,GAS_1,59
146.0,GAS_2,59
165.0,GAS_3,59
158.0,GAS_4,59
425.0,COAL_1,60
365.0,COAL_2,60
90.0,DIESEL_1,60
87.0,DIESEL_2,60
0.0,DIESEL_3,60
0.0,DIESEL_4,60
0.0,GAS_1,60
151.0,GAS_2,60
165.0,GAS_3,60
158.0,GAS_4,60
425.0,COAL_1,61
365.0,COAL_2,61
90.0,DIESEL_1,61
87.0,DIESEL_2,61
0.0,DIESEL_3,61
0.0,DIESEL_4,61
0.0,GAS_1,61
143.0,GAS_2,61
165.0,GAS_3,61
158.0,GAS_4,61
425.0,COAL_1,62
365.0,COAL_2,62
90.0,DIESEL_1,62
87.0,DIESEL_2,62
0.0,DIESEL_3,62
0.0,DIESEL_4,62
0.0,GAS_1,62
145.0,GAS_2,62
165.0,GAS_3,62
158.0,GAS_4,62
425.0,COAL_1,63
365.0,COAL_2,63
90.0,DIESEL_1,63
87.0,DIESEL_2,63
0.0,DIESEL_3,63
0.0,DIESEL_4,63
0.0,GAS_1,63
143.0,GAS_2,63
165.0,GAS_3,63
158.0,GAS_4,63
425.0,COAL_1,64
365.0,COAL_2,64
90.0,DIESEL_1,64
87.0,DIESEL_2,64
0.0,DIESEL_3,64
0.0,DIESEL_4,64
0.0,GAS_1,64
133.0,GAS_2,64
165.0,GAS_3,64
158.0,GAS_4,64
425.0,COAL_1,65
365.0,COAL_2,65
90.0,DIESEL_1,65
87.0,DIESEL_2,65
0.0,DIESEL_3,65
0.0,DIESEL_4,65
0.0,GAS_1,65
118.0,GAS_2,65
165.0,GAS_3,65
158.0,GAS_4,65
425.0,COAL_1,66
365.0,COAL_2,66
90.0,DIESEL_1,66
87.0,DIESEL_2,66
0.0,DIESEL_3,66
0.0,DIESEL_4,66
0.0,GAS_1,66
98.0,GAS_2,66
165.0,GAS_3,66
158.0,GAS_4,66
425.0,COAL_1,67
365.0,COAL_2,67
90.0,DIESEL_1,67
87.0,DIESEL_2,67
0.0,DIESEL_3,67
0.0,DIESEL_4,67
0.0,GAS_1,67
75.0,GAS_2,67
165.0,GAS_3,67
158.0,GAS_4,67
425.0,COAL_1,68
365.0,COAL_2,68
90.0,DIESEL_1,68
87.0,DIESEL_2,68
0.0,DIESEL_3,68
0.0,DIESEL_4,68
0.0,GAS_1,68
65.0,GAS_2,68
165.0,GAS_3,68
158.0,GAS_4,68
425.0,COAL_1,69
365.0,COAL_2,69
90.0,DIESEL_1,69
87.0,DIESEL_2,69
0.0,DIESEL_3,69
0.0,DIESEL_4,69
0.0,GAS_1,69
73.0,GAS_2,69
165.0,GAS_3,69
158.0,GAS_4,69
425.0,COAL_1,70
365.0,COAL_2,70
90.0,DIESEL_1,70
87.0,DIESEL_2,70
0.0,DIESEL_3,70
0.0,DIESEL_4,70
0.0,GAS_1,70
67.0,GAS_2,70
165.0,GAS_3,70
158.0,GAS_4,70
425.0,COAL_1,71
358.0,COAL_2,71
90.0,DIESEL_1,71
87.0,DIESEL_2,71
0.0,DIESEL_3,71
0.0,DIESEL_4,71
0.0,GAS_1,71
52.0,GAS_2,71
165.0,GAS_3,71
158.0,GAS_4,71
425.0,COAL_1,72
334.0,COAL_2,72
90.0,DIESEL_1,72
87.0,DIESEL_2,72
0.0,DIESEL_3,72
0.0,DIESEL_4,72
0.0,GAS_1,72
52.0,GAS_2,72
165.0,GAS_3,72
158.0,GAS_4,72
425.0,COAL_1,73
364.0,COAL_2,73
90.0,DIESEL_1,73
87.0,DIESEL_2,73
0.0,DIESEL_3,73
0.0,DIESEL_4,73
0.0,GAS_1,73
0.0,GAS_2,73
165.0,GAS_3,73
158.0,GAS_4,73
425.0,COAL_1,74
352.0,COAL_2,74
90.0,DIESEL_1,74
87.0,DIESEL_2,74
0.0,DIESEL_3,74
0.0,DIESEL_4,74
0.0,GAS_1,74
0.0,GAS_2,74
165.0,GAS_3,74
158.0,GAS_4,74
425.0,COAL_1,75
340.0,COAL_2,75
90.0,DIESEL_1,75
87.0,DIESEL_2,75
0.0,DIESEL_3,75
0.0,DIESEL_4,75
0.0,GAS_1,75
0.0,GAS_2,75
165.0,GAS_3,75
158.0,GAS_4,75
425.0,COAL_1,76
330.0,COAL_2,76
90.0,DIESEL_1,76
87.0,DIESEL_2,76
0.0,DIESEL_3,76
0.0,DIESEL_4,76
0.0,GAS_1,76
0.0,GAS_2,76
165.0,GAS_3,76
158.0,GAS_4,76
425.0,COAL_1,77
333.0,COAL_2,77
90.0,DIESEL_1,77
87.0,DIESEL_2,77
0.0,DIESEL_3,77
0.0,DIESEL_4,77
0.0,GAS_1,77
0.0,GAS_2,77
165.0,GAS_3,77
158.0,GAS_4,77
425.0,COAL_1,78
361.0,COAL_2,78
90.0,DIESEL_1,78
87.0,DIESEL_2,78
0.0,DIESEL_3,78
0.0,DIESEL_4,78
0.0,GAS_1,78
0.0,GAS_2,78
165.0,GAS_3,78
158.0,GAS_4,78
425.0,COAL_1,79
352.0,COAL_2,79
90.0,DIESEL_1,79
87.0,DIESEL_2,79
0.0,DIESEL_3,79
0.0,DIESEL_4,79
0.0,GAS_1,79
52.0,GAS_2,79
165.0,GAS_3,79
158.0,GAS_4,79
425.0,COAL_1,80
365.0,COAL_2,80
90.0,DIESEL_1,80
87.0,DIESEL_2,80
0.0,DIESEL_3,80
0.0,DIESEL_4,80
0.0,GAS_1,80
72.0,GAS_2,80
165.0,GAS_3,80
158.0,GAS_4,80
425.0,COAL_1,81
365.0,COAL_2,81
90.0,DIESEL_1,81
87.0,DIESEL_2,81
0.0,DIESEL_3,81
0.0,DIESEL_4,81
0.0,GAS_1,81
106.0,GAS_2,81
165.0,GAS_3,81
158.0,GAS_4,81
425.0,COAL_1,82
365.0,COAL_2,82
90.0,DIESEL_1,82
87.0,DIESEL_2,82
0.0,DIESEL_3,82
0.0,DIESEL_4,82
0.0,GAS_1,82
130.0,GAS_2,82
165.0,GAS_3,82
158.0,GAS_4,82
425.0,COAL_1,83
365.0,COAL_2,83
90.0,DIESEL_1,83
87.0,DIESEL_2,83
0.0,DIESEL_3,83
0.0,DIESEL_4,83
0.0,GAS_1,83
149.0,GAS_2,83
165.0,GAS_3,83
158.0,GAS_4,83
425.0,COAL_1,84
365.0,COAL_2,84
90.0,DIESEL_1,84
87.0,DIESEL_2,84
0.0,DIESEL_3,84
0.0,DIESEL_4,84
0.0,GAS_1,84
153.0,GAS_2,84
165.0,GAS_3,84
158.0,GAS_4,84
425.0,COAL_1,85
365.0,COAL_2,85
90.0,DIESEL_1,85
87.0,DIESEL_2,85
0.0,DIESEL_3,85
0.0,DIESEL_4,85
0.0,GAS_1,85
145.0,GAS_2,85
165.0,GAS_3,85
158.0,GAS_4,85
425.0,COAL_1,86
365.0,COAL_2,86
90.0,DIESEL_1,86
87.0,DIESEL_2,86
0.0,DIESEL_3,86
0.0,DIESEL_4,86
0.0,GAS_1,86
147.0,GAS_2,86
165.0,GAS_3,86
158.0,GAS_4,86
425.0,COAL_1,87
365.0,COAL_2,87
90.0,DIESEL_1,87
87.0,DIESEL_2,87
0.0,DIESEL_3,87
0.0,DIESEL_4,87
0.0,GAS_1,87
145.0,GAS_2,87
165.0,GAS_3,87
158.0,GAS_4,87
425.0,COAL_1,88
365.0,COAL_2,88
90.0,DIESEL_1,88
87.0,DIESEL_2,88
0.0,DIESEL_3,88
0.0,DIESEL_4,88
0.0,GAS_1,88
135.0,GAS_2,88
165.0,GAS_3,88
158.0,GAS_4,88
425.0,COAL_1,89
365.0,COAL_2,89
90.0,DIESEL_1,89
87.0,DIESEL_2,89
0.0,DIESEL_3,89
0.0,DIESEL_4,89
0.0,GAS_1,89
120.0,GAS_2,89
165.0,GAS_3,89
158.0,GAS_4,89
425.0,COAL_1,90
365.0,COAL_2,90
90.0,DIESEL_1,90
87.0,DIESEL_2,90
0.0,DIESEL_3,90
0.0,DIESEL_4,90
0.0,GAS_1,90
99.0,GAS_2,90
165.0,GAS_3,90
158.0,GAS_4,90
425.0,COAL_1,91
365.0,COAL_2,91
90.0,DIESEL_1,91
87.0,DIESEL_2,91
0.0,DIESEL_3,91
0.0,DIESEL_4,91
0.0,GAS_1,91
77.0,GAS_2,91
165.0,GAS_3,91
158.0,GAS_4,91
425.0,COAL_1,92
365.0,COAL_2,92
90.0,DIESEL_1,92
87.0,DIESEL_2,92
0.0,DIESEL_3,92
0.0,DIESEL_4,92
0.0,GAS_1,92
66.0,GAS_2,92
165.0,GAS_3,92
158.0,GAS_4,92
425.0,COAL_1,93
365.0,COAL_2,93
90.0,DIESEL_1,93
87.0,DIESEL_2,93
0.0,DIESEL_3,93
0.0,DIESEL_4,93
0.0,GAS_1,93
74.0,GAS_2,93
165.0,GAS_3,93
158.0,GAS_4,93
425.0,COAL_1,94
365.0,COAL_2,94
90.0,DIESEL_1,94
87.0,DIESEL_2,94
0.0,DIESEL_3,94
0.0,DIESEL_4,94
0.0,GAS_1,94
69.0,GAS_2,94
165.0,GAS_3,94
158.0,GAS_4,94
425.0,COAL_1,95
359.0,COAL_2,95
90.0,DIESEL_1,95
87.0,DIESEL_2,95
0.0,DIESEL_3,95
0.0,DIESEL_4,95
0.0,GAS_1,95
52.0,GAS_2,95
165.0,GAS_3,95
158.0,GAS_4,95
425.0,COAL_1,96
336.0,COAL_2,96
90.0,DIESEL_1,96
87.0,DIESEL_2,96
0.0,DIESEL_3,96
4.54036808151e-13,DIESEL_4,96
0.0,GAS_1,96
52.0,GAS_2,96
165.0,GAS_3,96
158.0,GAS_4,96
425.0,COAL_1,97
365.0,COAL_2,97
90.0,DIESEL_1,97
87.0,DIESEL_2,97
0.0,DIESEL_3,97
5.0,DIESEL_4,97
0.0,GAS_1,97
0.0,GAS_2,97
165.0,GAS_3,97
158.0,GAS_4,97
425.0,COAL_1,98
356.0,COAL_2,98
90.0,DIESEL_1,98
87.0,DIESEL_2,98
0.0,DIESEL_3,98
0.0,DIESEL_4,98
0.0,GAS_1,98
0.0,GAS_2,98
165.0,GAS_3,98
158.0,GAS_4,98
425.0,COAL_1,99
344.0,COAL_2,99
90.0,DIESEL_1,99
87.0,DIESEL_2,99
0.0,DIESEL_3,99
0.0,DIESEL_4,99
0.0,GAS_1,99
0.0,GAS_2,99
165.0,GAS_3,99
158.0,GAS_4,99
425.0,COAL_1,100
339.0,COAL_2,100
90.0,DIESEL_1,100
87.0,DIESEL_2,100
0.0,DIESEL_3,100
0.0,DIESEL_4,100
0.0,GAS_1,100
0.0,GAS_2,100
165.0,GAS_3,100
158.0,GAS_4,100
425.0,COAL_1,101
344.0,COAL_2,101
90.0,DIESEL_1,101
87.0,DIESEL_2,101
0.0,DIESEL_3,101
0.0,DIESEL_4,101
0.0,GAS_1,101
0.0,GAS_2,101
165.0,GAS_3,101
158.0,GAS_4,101
425.0,COAL_1,102
365.0,COAL_2,102
90.0,DIESEL_1,102
87.0,DIESEL_2,102
0.0,DIESEL_3,102
4.0,DIESEL_4,102
0.0,GAS_1,102
0.0,GAS_2,102
165.0,GAS_3,102
158.0,GAS_4,102
425.0,COAL_1,103
361.0,COAL_2,103
90.0,DIESEL_1,103
87.0,DIESEL_2,103
0.0,DIESEL_3,103
0.0,DIESEL_4,103
0.0,GAS_1,103
52.0,GAS_2,103
165.0,GAS_3,103
158.0,GAS_4,103
425.0,COAL_1,104
365.0,COAL_2,104
90.0,DIESEL_1,104
87.0,DIESEL_2,104
0.0,DIESEL_3,104
0.0,DIESEL_4,104
0.0,GAS_1,104
78.0,GAS_2,104
165.0,GAS_3,104
158.0,GAS_4,104
425.0,COAL_1,105
365.0,COAL_2,105
90.0,DIESEL_1,105
87.0,DIESEL_2,105
0.0,DIESEL_3,105
0.0,DIESEL_4,105
0.0,GAS_1,105
112.0,GAS_2,105
165.0,GAS_3,105
158.0,GAS_4,105
425.0,COAL_1,106
365.0,COAL_2,106
90.0,DIESEL_1,106
87.0,DIESEL_2,106
0.0,DIESEL_3,106
0.0,DIESEL_4,106
0.0,GAS_1,106
137.0,GAS_2,106
165.0,GAS_3,106
158.0,GAS_4,106
425.0,COAL_1,107
365.0,COAL_2,107
90.0,DIESEL_1,107
87.0,DIESEL_2,107
0.0,DIESEL_3,107
0.0,DIESEL_4,107
0.0,GAS_1,107
156.0,GAS_2,107
165.0,GAS_3,107
158.0,GAS_4,107
425.0,COAL_1,108
365.0,COAL_2,108
90.0,DIESEL_1,108
87.0,DIESEL_2,108
0.0,DIESEL_3,108
0.0,DIESEL_4,108
0.0,GAS_1,108
158.0,GAS_2,108
165.0,GAS_3,108
158.0,GAS_4,108
425.0,COAL_1,109
365.0,COAL_2,109
90.0,DIESEL_1,109
87.0,DIESEL_2,109
0.0,DIESEL_3,109
0.0,DIESEL_4,109
0.0,GAS_1,109
147.0,GAS_2,109
165.0,GAS_3,109
158.0,GAS_4,109
425.0,COAL_1,110
365.0,COAL_2,110
90.0,DIESEL_1,110
87.0,DIESEL_2,110
0.0,DIESEL_3,110
0.0,DIESEL_4,110
0.0,GAS_1,110
149.0,GAS_2,110
165.0,GAS_3,110
158.0,GAS_4,110
425.0,COAL_1,111
365.0,COAL_2,111
90.0,DIESEL_1,111
87.0,DIESEL_2,111
0.0,DIESEL_3,111
0.0,DIESEL_4,111
0.0,GAS_1,111
144.0,GAS_2,111
165.0,GAS_3,111
158.0,GAS_4,111
425.0,COAL_1,112
365.0,COAL_2,112
90.0,DIESEL_1,112
87.0,DIESEL_2,112
0.0,DIESEL_3,112
0.0,DIESEL_4,112
0.0,GAS_1,112
132.0,GAS_2,112
165.0,GAS_3,112
158.0,GAS_4,112
425.0,COAL_1,113
365.0,COAL_2,113
90.0,DIESEL_1,113
87.0,DIESEL_2,113
0.0,DIESEL_3,113
0.0,DIESEL_4,113
0.0,GAS_1,113
121.0,GAS_2,113
165.0,GAS_3,113
158.0,GAS_4,113
425.0,COAL_1,114
365.0,COAL_2,114
90.0,DIESEL_1,114
87.0,DIESEL_2,114
0.0,DIESEL_3,114
0.0,DIESEL_4,114
0.0,GAS_1,114
95.0,GAS_2,114
165.0,GAS_3,114
158.0,GAS_4,114
425.0,COAL_1,115
365.0,COAL_2,115
90.0,DIESEL_1,115
87.0,DIESEL_2,115
0.0,DIESEL_3,115
0.0,DIESEL_4,115
0.0,GAS_1,115
68.0,GAS_2,115
165.0,GAS_3,115
158.0,GAS_4,115
425.0,COAL_1,116
363.0,COAL_2,116
90.0,DIESEL_1,116
87.0,DIESEL_2,116
0.0,DIESEL_3,116
0.0,DIESEL_4,116
0.0,GAS_1,116
52.0,GAS_2,116
165.0,GAS_3,116
158.0,GAS_4,116
425.0,COAL_1,117
365.0,COAL_2,117
90.0,DIESEL_1,117
87.0,DIESEL_2,117
0.0,DIESEL_3,117
0.0,DIESEL_4,117
0.0,GAS_1,117
55.0,GAS_2,117
165.0,GAS_3,117
158.0,GAS_4,117
425.0,COAL_1,118
356.0,COAL_2,118
90.0,DIESEL_1,118
87.0,DIESEL_2,118
0.0,DIESEL_3,118
0.0,DIESEL_4,118
0.0,GAS_1,118
52.0,GAS_2,118
165.0,GAS_3,118
158.0,GAS_4,118
425.0,COAL_1,119
330.0,COAL_2,119
90.0,DIESEL_1,119
87.0,DIESEL_2,119
0.0,DIESEL_3,119
0.0,DIESEL_4,119
0.0,GAS_1,119
52.0,GAS_2,119
165.0,GAS_3,119
158.0,GAS_4,119
425.0,COAL_1,120
357.0,COAL_2,120
90.0,DIESEL_1,120
87.0,DIESEL_2,120
0.0,DIESEL_3,120
0.0,DIESEL_4,120
0.0,GAS_1,120
0.0,GAS_2,120
165.0,GAS_3,120
158.0,GAS_4,120
425.0,COAL_1,121
334.0,COAL_2,121
90.0,DIESEL_1,121
87.0,DIESEL_2,121
0.0,DIESEL_3,121
0.0,DIESEL_4,121
0.0,GAS_1,121
0.0,GAS_2,121
165.0,GAS_3,121
158.0,GAS_4,121
425.0,COAL_1,122
320.0,COAL_2,122
90.0,DIESEL_1,122
87.0,DIESEL_2,122
0.0,DIESEL_3,122
0.0,DIESEL_4,122
0.0,GAS_1,122
0.0,GAS_2,122
165.0,GAS_3,122
158.0,GAS_4,122
425.0,COAL_1,123
306.0,COAL_2,123
90.0,DIESEL_1,123
87.0,DIESEL_2,123
0.0,DIESEL_3,123
0.0,DIESEL_4,123
0.0,GAS_1,123
0.0,GAS_2,123
165.0,GAS_3,123
158.0,GAS_4,123
425.0,COAL_1,124
296.0,COAL_2,124
90.0,DIESEL_1,124
87.0,DIESEL_2,124
0.0,DIESEL_3,124
0.0,DIESEL_4,124
0.0,GAS_1,124
0.0,GAS_2,124
165.0,GAS_3,124
158.0,GAS_4,124
425.0,COAL_1,125
291.0,COAL_2,125
90.0,DIESEL_1,125
87.0,DIESEL_2,125
0.0,DIESEL_3,125
0.0,DIESEL_4,125
0.0,GAS_1,125
0.0,GAS_2,125
165.0,GAS_3,125
158.0,GAS_4,125
425.0,COAL_1,126
299.0,COAL_2,126
90.0,DIESEL_1,126
87.0,DIESEL_2,126
0.0,DIESEL_3,126
0.0,DIESEL_4,126
0.0,GAS_1,126
0.0,GAS_2,126
165.0,GAS_3,126
158.0,GAS_4,126
425.0,COAL_1,127
311.0,COAL_2,127
90.0,DIESEL_1,127
87.0,DIESEL_2,127
0.0,DIESEL_3,127
0.0,DIESEL_4,127
0.0,GAS_1,127
0.0,GAS_2,127
165.0,GAS_3,127
158.0,GAS_4,127
425.0,COAL_1,128
318.0,COAL_2,128
90.0,DIESEL_1,128
87.0,DIESEL_2,128
0.0,DIESEL_3,128
0.0,DIESEL_4,128
0.0,GAS_1,128
0.0,GAS_2,128
165.0,GAS_3,128
158.0,GAS_4,128
425.0,COAL_1,129
337.0,COAL_2,129
90.0,DIESEL_1,129
87.0,DIESEL_2,129
0.0,DIESEL_3,129
0.0,DIESEL_4,129
0.0,GAS_1,129
0.0,GAS_2,129
165.0,GAS_3,129
158.0,GAS_4,129
425.0,COAL_1,130
355.0,COAL_2,130
90.0,DIESEL_1,130
87.0,DIESEL_2,130
0.0,DIESEL_3,130
0.0,DIESEL_4,130
0.0,GAS_1,130
0.0,GAS_2,130
165.0,GAS_3,130
158.0,GAS_4,130
425.0,COAL_1,131
365.0,COAL_2,131
90.0,DIESEL_1,131
87.0,DIESEL_2,131
0.0,DIESEL_3,131
4.0,DIESEL_4,131
0.0,GAS_1,131
0.0,GAS_2,131
165.0,GAS_3,131
158.0,GAS_4,131
425.0,COAL_1,132
365.0,COAL_2,132
90.0,DIESEL_1,132
87.0,DIESEL_2,132
0.0,DIESEL_3,132
12.0,DIESEL_4,132
0.0,GAS_1,132
0.0,GAS_2,132
165.0,GAS_3,132
158.0,GAS_4,132
425.0,COAL_1,133
365.0,COAL_2,133
90.0,DIESEL_1,133
87.0,DIESEL_2,133
0.0,DIESEL_3,133
10.0,DIESEL_4,133
0.0,GAS_1,133
0.0,GAS_2,133
165.0,GAS_3,133
158.0,GAS_4,133
425.0,COAL_1,134
365.0,COAL_2,134
90.0,DIESEL_1,134
87.0,DIESEL_2,134
0.0,DIESEL_3,134
4.0,DIESEL_4,134
0.0,GAS_1,134
0.0,GAS_2,134
165.0,GAS_3,134
158.0,GAS_4,134
425.0,COAL_1,135
362.0,COAL_2,135
90.0,DIESEL_1,135
87.0,DIESEL_2,135
0.0,DIESEL_3,135
0.0,DIESEL_4,135
0.0,GAS_1,135
0.0,GAS_2,135
165.0,GAS_3,135
158.0,GAS_4,135
425.0,COAL_1,136
354.0,COAL_2,136
90.0,DIESEL_1,136
87.0,DIESEL_2,136
0.0,DIESEL_3,136
0.0,DIESEL_4,136
0.0,GAS_1,136
0.0,GAS_2,136
165.0,GAS_3,136
158.0,GAS_4,136
425.0,COAL_1,137
350.0,COAL_2,137
90.0,DIESEL_1,137
87.0,DIESEL_2,137
0.0,DIESEL_3,137
0.0,DIESEL_4,137
0.0,GAS_1,137
0.0,GAS_2,137
165.0,GAS_3,137
158.0,GAS_4,137
425.0,COAL_1,138
340.0,COAL_2,138
90.0,DIESEL_1,138
87.0,DIESEL_2,138
0.0,DIESEL_3,138
0.0,DIESEL_4,138
0.0,GAS_1,138
0.0,GAS_2,138
165.0,GAS_3,138
158.0,GAS_4,138
425.0,COAL_1,139
330.0,COAL_2,139
90.0,DIESEL_1,139
87.0,DIESEL_2,139
0.0,DIESEL_3,139
0.0,DIESEL_4,139
0.0,GAS_1,139
0.0,GAS_2,139
165.0,GAS_3,139
158.0,GAS_4,139
425.0,COAL_1,140
321.0,COAL_2,140
90.0,DIESEL_1,140
87.0,DIESEL_2,140
0.0,DIESEL_3,140
0.0,DIESEL_4,140
0.0,GAS_1,140
0.0,GAS_2,140
165.0,GAS_3,140
158.0,GAS_4,140
425.0,COAL_1,141
319.0,COAL_2,141
90.0,DIESEL_1,141
87.0,DIESEL_2,141
0.0,DIESEL_3,141
0.0,DIESEL_4,141
0.0,GAS_1,141
0.0,GAS_2,141
165.0,GAS_3,141
158.0,GAS_4,141
425.0,COAL_1,142
310.0,COAL_2,142
90.0,DIESEL_1,142
87.0,DIESEL_2,142
0.0,DIESEL_3,142
0.0,DIESEL_4,142
0.0,GAS_1,142
0.0,GAS_2,142
165.0,GAS_3,142
158.0,GAS_4,142
425.0,COAL_1,143
294.0,COAL_2,143
90.0,DIESEL_1,143
87.0,DIESEL_2,143
0.0,DIESEL_3,143
0.0,DIESEL_4,143
0.0,GAS_1,143
0.0,GAS_2,143
165.0,GAS_3,143
158.0,GAS_4,143
425.0,COAL_1,144
274.0,COAL_2,144
90.0,DIESEL_1,144
87.0,DIESEL_2,144
0.0,DIESEL_3,144
0.0,DIESEL_4,144
0.0,GAS_1,144
0.0,GAS_2,144
165.0,GAS_3,144
158.0,GAS_4,144
425.0,COAL_1,145
259.0,COAL_2,145
90.0,DIESEL_1,145
87.0,DIESEL_2,145
0.0,DIESEL_3,145
0.0,DIESEL_4,145
0.0,GAS_1,145
0.0,GAS_2,145
165.0,GAS_3,145
158.0,GAS_4,145
425.0,COAL_1,146
247.0,COAL_2,146
90.0,DIESEL_1,146
87.0,DIESEL_2,146
0.0,DIESEL_3,146
0.0,DIESEL_4,146
0.0,GAS_1,146
0.0,GAS_2,146
165.0,GAS_3,146
158.0,GAS_4,146
425.0,COAL_1,147
238.0,COAL_2,147
90.0,DIESEL_1,147
87.0,DIESEL_2,147
0.0,DIESEL_3,147
0.0,DIESEL_4,147
0.0,GAS_1,147
0.0,GAS_2,147
165.0,GAS_3,147
158.0,GAS_4,147
425.0,COAL_1,148
237.0,COAL_2,148
90.0,DIESEL_1,148
87.0,DIESEL_2,148
0.0,DIESEL_3,148
0.0,DIESEL_4,148
0.0,GAS_1,148
0.0,GAS_2,148
165.0,GAS_3,148
158.0,GAS_4,148
425.0,COAL_1,149
233.0,COAL_2,149
90.0,DIESEL_1,149
87.0,DIESEL_2,149
0.0,DIESEL_3,149
0.0,DIESEL_4,149
0.0,GAS_1,149
0.0,GAS_2,149
165.0,GAS_3,149
158.0,GAS_4,149
425.0,COAL_1,150
235.0,COAL_2,150
90.0,DIESEL_1,150
87.0,DIESEL_2,150
0.0,DIESEL_3,150
0.0,DIESEL_4,150
0.0,GAS_1,150
0.0,GAS_2,150
165.0,GAS_3,150
158.0,GAS_4,150
425.0,COAL_1,151
239.0,COAL_2,151
90.0,DIESEL_1,151
87.0,DIESEL_2,151
0.0,DIESEL_3,151
0.0,DIESEL_4,151
0.0,GAS_1,151
0.0,GAS_2,151
165.0,GAS_3,151
158.0,GAS_4,151
425.0,COAL_1,152
235.0,COAL_2,152
90.0,DIESEL_1,152
87.0,DIESEL_2,152
0.0,DIESEL_3,152
0.0,DIESEL_4,152
0.0,GAS_1,152
0.0,GAS_2,152
165.0,GAS_3,152
158.0,GAS_4,152
425.0,COAL_1,153
249.0,COAL_2,153
90.0,DIESEL_1,153
87.0,DIESEL_2,153
0.0,DIESEL_3,153
0.0,DIESEL_4,153
0.0,GAS_1,153
0.0,GAS_2,153
165.0,GAS_3,153
158.0,GAS_4,153
425.0,COAL_1,154
266.0,COAL_2,154
90.0,DIESEL_1,154
87.0,DIESEL_2,154
0.0,DIESEL_3,154
0.0,DIESEL_4,154
0.0,GAS_1,154
0.0,GAS_2,154
165.0,GAS_3,154
158.0,GAS_4,154
425.0,COAL_1,155
280.0,COAL_2,155
90.0,DIESEL_1,155
87.0,DIESEL_2,155
0.0,DIESEL_3,155
0.0,DIESEL_4,155
0.0,GAS_1,155
0.0,GAS_2,155
165.0,GAS_3,155
158.0,GAS_4,155
425.0,COAL_1,156
295.0,COAL_2,156
90.0,DIESEL_1,156
87.0,DIESEL_2,156
0.0,DIESEL_3,156
0.0,DIESEL_4,156
0.0,GAS_1,156
0.0,GAS_2,156
165.0,GAS_3,156
158.0,GAS_4,156
425.0,COAL_1,157
302.0,COAL_2,157
90.0,DIESEL_1,157
87.0,DIESEL_2,157
0.0,DIESEL_3,157
0.0,DIESEL_4,157
0.0,GAS_1,157
0.0,GAS_2,157
165.0,GAS_3,157
158.0,GAS_4,157
425.0,COAL_1,158
307.0,COAL_2,158
90.0,DIESEL_1,158
87.0,DIESEL_2,158
0.0,DIESEL_3,158
0.0,DIESEL_4,158
0.0,GAS_1,158
0.0,GAS_2,158
165.0,GAS_3,158
158.0,GAS_4,158
425.0,COAL_1,159
310.0,COAL_2,159
90.0,DIESEL_1,159
87.0,DIESEL_2,159
0.0,DIESEL_3,159
0.0,DIESEL_4,159
0.0,GAS_1,159
0.0,GAS_2,159
165.0,GAS_3,159
158.0,GAS_4,159
425.0,COAL_1,160
310.0,COAL_2,160
90.0,DIESEL_1,160
87.0,DIESEL_2,160
0.0,DIESEL_3,160
0.0,DIESEL_4,160
0.0,GAS_1,160
0.0,GAS_2,160
165.0,GAS_3,160
158.0,GAS_4,160
425.0,COAL_1,161
308.0,COAL_2,161
90.0,DIESEL_1,161
87.0,DIESEL_2,161
0.0,DIESEL_3,161
0.0,DIESEL_4,161
0.0,GAS_1,161
0.0,GAS_2,161
165.0,GAS_3,161
158.0,GAS_4,161
425.0,COAL_1,162
305.0,COAL_2,162
90.0,DIESEL_1,162
87.0,DIESEL_2,162
0.0,DIESEL_3,162
0.0,DIESEL_4,162
0.0,GAS_1,162
0.0,GAS_2,162
165.0,GAS_3,162
158.0,GAS_4,162
425.0,COAL_1,163
292.0,COAL_2,163
90.0,DIESEL_1,163
87.0,DIESEL_2,163
0.0,DIESEL_3,163
0.0,DIESEL_4,163
0.0,GAS_1,163
0.0,GAS_2,163
165.0,GAS_3,163
158.0,GAS_4,163
425.0,COAL_1,164
280.0,COAL_2,164
90.0,DIESEL_1,164
87.0,DIESEL_2,164
0.0,DIESEL_3,164
0.0,DIESEL_4,164
0.0,GAS_1,164
0.0,GAS_2,164
165.0,GAS_3,164
158.0,GAS_4,164
425.0,COAL_1,165
282.0,COAL_2,165
90.0,DIESEL_1,165
87.0,DIESEL_2,165
0.0,DIESEL_3,165
0.0,DIESEL_4,165
0.0,GAS_1,165
0.0,GAS_2,165
165.0,GAS_3,165
158.0,GAS_4,165
425.0,COAL_1,166
290.0,COAL_2,166
90.0,DIESEL_1,166
87.0,DIESEL_2,166
0.0,DIESEL_3,166
0.0,DIESEL_4,166
0.0,GAS_1,166
0.0,GAS_2,166
165.0,GAS_3,166
158.0,GAS_4,166
425.0,COAL_1,167
286.0,COAL_2,167
90.0,DIESEL_1,167
87.0,DIESEL_2,167
0.0,DIESEL_3,167
0.0,DIESEL_4,167
0.0,GAS_1,167
0.0,GAS_2,167
165.0,GAS_3,167
158.0,GAS_4,167
425.0,COAL_1,168
282.0,COAL_2,168
90.0,DIESEL_1,168
87.0,DIESEL_2,168
0.0,DIESEL_3,168
0.0,DIESEL_4,168
0.0,GAS_1,168
0.0,GAS_2,168
165.0,GAS_3,168
158.0,GAS_4,168
